дата,клиент,цель,ГП2 цели,княжество цели,статус,номинал цели,"цена цели, ₽",размер пула,строгий пул,профиль цели,бюджет_ok,новизна_ok,причина фильтра,ранг (модель с фильтрами),ранг (модель без фильтров),ранг (популярность),ранг (популярность с фильтрами),рандом HR@1,рандом NDCG@1,рандом HR@3,рандом NDCG@3,рандом HR@5,рандом NDCG@5,рандом HR@10,рандом NDCG@10,рандом MRR,рандом-фильтр HR@1,рандом-фильтр HR@3,рандом-фильтр HR@5,рандом-фильтр HR@10,рандом-фильтр NDCG@1,рандом-фильтр NDCG@3,рандом-фильтр NDCG@5,рандом-фильтр NDCG@10,рандом-фильтр MRR
2025-12-01,Alexan,162172af-d06e-4e60-9406-eaccb3e93462,3610C,Можайск,нет истории (первая покупка),,,,,,,,,,,,,,,,,,,,,,,,,,,,,,
2025-12-10,Alexan,5192434d-e1a5-44ef-acc0-fc91ebfaf728,NEW,Можайск,ok,денга,120000.0,56.0,13.0,0.9333333333333333,False,True,,,6.0,7.0,,0.017857142857142856,0.017857142857142856,0.05357142857142857,0.03805231702806174,0.08928571428571429,0.05265105569427486,0.17857142857142858,0.08113498818014904,0.08234766704970052,0.0,0.0,0.0,0.0,0.0,0.0,0.0,0.0,0.0
2025-12-19,Alexan,3c4c1026-96a9-470a-ad5e-69101f621c12,1111,Москва,ok,денга,40000.0,55.0,54.0,0.23333333333333334,True,True,,30.0,30.0,38.0,37.0,0.01818181818181818,0.01818181818181818,0.05454545454545454,0.03874417733766287,0.09090909090909091,0.05360834761598895,0.18181818181818182,0.08261016978342448,0.08352022203501974,0.018518518518518517,0.05555555555555555,0.09259259259259259,0.18518518518518517,0.018518518518518517,0.039461662103175144,0.05460109479406282,0.08413998774237677,0.0847301924767457
2025-12-28,Alexan,11cd3f1d-8301-42fc-97a0-3ddb5efc703c,4745,Ростов,ok,денга,95000.0,54.0,50.0,0.23333333333333334,True,True,,52.0,52.0,37.0,34.0,0.018518518518518517,0.018518518518518517,0.05555555555555555,0.039461662103175144,0.09259259259259259,0.05460109479406282,0.18518518518518517,0.08413998774237677,0.0847301924767457,0.02,0.06,0.1,0.2,0.02,0.042618595071429156,0.058969182377587845,0.09087118676176692,0.08998410676658847
2026-01-06,Alexan,e4c74b50-0924-48cc-8d00-eba6dc6b07be,,Серпухов,ok,денга,14000.0,53.0,49.0,0.4444444444444445,True,True,,33.0,33.0,43.0,40.0,0.018867924528301886,0.018867924528301886,0.05660377358490566,0.040206221765499206,0.09433962264150944,0.05563130412979985,0.18867924528301888,0.08572753468091218,0.08597946934388206,0.02040816326530612,0.061224489795918366,0.10204081632653061,0.20408163265306123,0.02040816326530612,0.04348836231778485,0.06017263507917127,0.09272570077731318,0.09141235384345762
2026-01-15,Alexan,b818e413-09e4-4b47-a061-6f93c0c72946,,Серпухов,ok,денга,15000.0,52.0,47.0,0.7222222222222222,True,False,мотив «двуименка самсон» уже встречался в ваших покупках,,37.0,41.0,,0.019230769230769232,0.019230769230769232,0.057692307692307696,0.040979418337912646,0.09615384615384616,0.056701136901526776,0.19230769230769232,0.08737614111708357,0.0872700759749509,0.0,0.0,0.0,0.0,0.0,0.0,0.0,0.0,0.0
2026-01-24,Alexan,38a9ad10-6eeb-48e1-a92f-27329f35971c,1135А,Москва,ok,денга,39000.0,51.0,47.0,0.41666666666666663,True,True,,19.0,19.0,4.0,4.0,0.0196078431372549,0.0196078431372549,0.058823529411764705,0.04178293634453839,0.09803921568627451,0.05781292389959593,0.19607843137254902,0.08908939878604599,0.08860418002875839,0.02127659574468085,0.06382978723404255,0.10638297872340426,0.2127659574468085,0.02127659574468085,0.045338930927052296,0.06273317274211473,0.09667147527847544,0.0944247625900167
2026-02-02,Alexan,78672c3c-6af1-43cd-ba58-dfc4c7cf1316,1580,Москва,ok,денга,45000.0,50.0,46.0,0.6416666666666666,True,True,,10.0,10.0,13.0,13.0,0.02,0.02,0.06,0.042618595071429156,0.1,0.058969182377587845,0.2,0.09087118676176692,0.08998410676658847,0.021739130434782608,0.06521739130434782,0.10869565217391304,0.21739130434782608,0.021739130434782608,0.04632455986024908,0.06409693736694332,0.09877302908887708,0.09601494013013269
2026-02-11,Alexan,1af68d6b-27c8-4e66-8d2a-a86c1a974828,NEW,Москва,ok,полуденга,120000.0,49.0,44.0,0.8083333333333333,False,True,,,27.0,2.0,,0.02040816326530612,0.02040816326530612,0.061224489795918366,0.04348836231778485,0.10204081632653061,0.06017263507917127,0.20408163265306123,0.09272570077731318,0.09141235384345762,0.0,0.0,0.0,0.0,0.0,0.0,0.0,0.0,0.0
2026-02-20,Alexan,758c5bc8-37db-42e3-ab70-45ca042e3a30,,Москва,ok,денга,45000.0,48.0,44.0,0.7833333333333334,True,True,,4.0,4.0,11.0,11.0,0.020833333333333332,0.020833333333333332,0.0625,0.044394369866072037,0.10416666666666667,0.06142623164332067,0.20833333333333334,0.09465748621017388,0.09289160781383578,0.022727272727272728,0.06818181818181818,0.11363636363636363,0.22727272727272727,0.022727272727272728,0.04843022167207858,0.06701043451998619,0.10326271222928059,0.09938013393929772
2026-03-01,Alexan,d9c8f08b-770c-4059-be91-f3b06eecb3d5,3820В,Дмитров,ok,денга,22000.0,47.0,43.0,0.275,True,True,,33.0,33.0,37.0,34.0,0.02127659574468085,0.02127659574468085,0.06382978723404255,0.045338930927052296,0.10638297872340426,0.06273317274211473,0.2127659574468085,0.09667147527847544,0.0944247625900167,0.023255813953488372,0.06976744186046512,0.11627906976744186,0.23255813953488372,0.023255813953488372,0.04955650589701065,0.0685688167181254,0.10566417065321734,0.10116275861864714
2026-03-10,Alexan,102e7cba-ad8b-490c-bda7-242fcc6382eb,3854I,Дмитров,ok,денга,41000.0,46.0,41.0,0.39083333333333325,True,True,,12.0,12.0,32.0,28.0,0.021739130434782608,0.021739130434782608,0.06521739130434782,0.04632455986024908,0.10869565217391304,0.06409693736694332,0.21739130434782608,0.09877302908887708,0.09601494013013269,0.024390243902439025,0.07317073170731707,0.12195121951219512,0.24390243902439024,0.024390243902439025,0.05197389642857214,0.07191363704583884,0.11081852044117917,0.10494959226436135
2026-03-19,Alexan,040aee07-a684-4f3b-a528-a0bb33998b75,NEW,Ростов,ok,денга,70000.0,45.0,39.0,0.33249999999999996,True,True,,36.0,36.0,31.0,26.0,0.022222222222222223,0.022222222222222223,0.06666666666666667,0.04735399452381017,0.1111111111111111,0.06552131375287538,0.2222222222222222,0.10096798529085213,0.09766551367891826,0.02564102564102564,0.07692307692307693,0.1282051282051282,0.2564102564102564,0.02564102564102564,0.0546392244505502,0.07560151586870237,0.11650152148944477,0.10906520612657374
2026-03-28,Гогер,5aafdc60-3d50-42db-85e3-6600e434735d,3514,Можайск,нет истории (первая покупка),,,,,,,,,,,,,,,,,,,,,,,,,,,,,,
2026-04-06,Гогер,022adfbf-8787-496d-be2b-a95b81e04048,3570,Можайск,ok,полуденга,15000.0,43.0,31.0,0.9666666666666667,False,False,мотив «воин» уже встречался в ваших покупках,,11.0,1.0,,0.023255813953488372,0.023255813953488372,0.06976744186046512,0.04955650589701065,0.11627906976744186,0.0685688167181254,0.23255813953488372,0.10566417065321734,0.10116275861864714,0.0,0.0,0.0,0.0,0.0,0.0,0.0,0.0,0.0
2026-04-15,Гогер,f37b7c54-fc47-4c2b-a9cc-cabda5f08158,3634D,Можайск,ok,полуденга,25000.0,42.0,29.0,0.7333333333333334,True,True,,2.0,2.0,15.0,11.0,0.023809523809523808,0.023809523809523808,0.07142857142857142,0.05073642270408233,0.11904761904761904,0.07020140759236648,0.23809523809523808,0.10817998424019871,0.10301768587257949,0.034482758620689655,0.10344827586206896,0.1724137931034483,0.3448275862068966,0.034482758620689655,0.07348033633005027,0.10167100409928939,0.15667445993408088,0.136608751640933
2026-04-24,Гогер,8ecf529e-b59d-4e3e-acb3-f774093c1bbc,3635D,Можайск,ok,полуденга,20000.0,41.0,27.0,0.875,True,False,мотив «барс оглядывается» уже встречался в ваших покупках,,3.0,10.0,,0.024390243902439025,0.024390243902439025,0.07317073170731707,0.05197389642857214,0.12195121951219512,0.07191363704583884,0.24390243902439024,0.11081852044117917,0.10494959226436135,0.0,0.0,0.0,0.0,0.0,0.0,0.0,0.0,0.0
2026-05-03,Гогер,5e3da636-35e1-4967-85d3-e8dcce67735f,3675,Можайск,ok,полуденга,20000.0,40.0,22.0,0.8250000000000001,True,True,,1.0,1.0,5.0,3.0,0.025,0.025,0.075,0.053273243839286444,0.125,0.07371147797198481,0.25,0.11358898345220865,0.1069635759734094,0.045454545454545456,0.13636363636363635,0.22727272727272727,0.45454545454545453,0.045454545454545456,0.09686044334415717,0.13402086903997237,0.20652542445856117,0.16776423864623977
2026-05-12,Гогер,77abb319-2750-4e8b-aee8-ad6102fcb4b3,,СНВК,ok,денга,30000.0,39.0,16.0,0.0,True,True,,32.0,32.0,36.0,13.0,0.02564102564102564,0.02564102564102564,0.07692307692307693,0.0546392244505502,0.1282051282051282,0.07560151586870237,0.2564102564102564,0.11650152148944477,0.10906520612657374,0.0625,0.1875,0.3125,0.625,0.0625,0.1331831095982161,0.18427869492996202,0.2839724586305216,0.2112955620768121
2026-05-21,Городен,6d94c76e-6e49-4efb-845f-328337d6d90d,,Тверь,нет истории (первая покупка),,,,,,,,,,,,,,,,,,,,,,,,,,,,,,
2026-05-30,Городен,c8074122-f9f4-4812-8d5d-1d0b0aeed3f5,,Тверь,ok,денга,80000.0,37.0,21.0,0.7222222222222222,False,True,,,4.0,22.0,,0.02702702702702703,0.02702702702702703,0.08108108108108109,0.05759269604247183,0.13513513513513514,0.07968808429403763,0.2702702702702703,0.12279890102941475,0.1135563844276126,0.0,0.0,0.0,0.0,0.0,0.0,0.0,0.0,0.0
2026-06-08,Городен,86b52ed7-7dae-48c0-9d46-2be8d30ef983,NEW,Можайск,ok,денга,35000.0,36.0,19.0,0.4833333333333334,True,True,,14.0,14.0,8.0,5.0,0.027777777777777776,0.027777777777777776,0.08333333333333333,0.059192493154762715,0.1388888888888889,0.08190164219109423,0.2777777777777778,0.12620998161356517,0.11595997768873996,0.05263157894736842,0.15789473684210525,0.2631578947368421,0.5263157894736842,0.05263157894736842,0.11215419755639251,0.15518205888838907,0.23913470200464979,0.18672313984966749
2026-06-17,Лейбов,50379b63-e4ef-4d58-baaa-b3264b461ee4,,Москва,нет истории (первая покупка),,,,,,,,,,,,,,,,,,,,,,,,,,,,,,
2026-06-26,Лейбов,93a0a0ce-593f-498d-b132-1ec0b83789f9,,Москва,ok,денга,13000.0,34.0,4.0,0.7222222222222222,True,True,,1.0,1.0,7.0,1.0,0.029411764705882353,0.029411764705882353,0.08823529411764706,0.06267440451680759,0.14705882352941177,0.08671938584939388,0.29411764705882354,0.133634098179069,0.12112382324839507,0.25,0.75,1.0,1.0,0.25,0.5327324383928644,0.6404015779112127,0.6404015779112127,0.5208333333333333
2026-07-05,Шувалов,f56a703d-13d4-49fb-9de2-b22d0167813b,3510B,Можайск,нет истории (первая покупка),,,,,,,,,,,,,,,,,,,,,,,,,,,,,,
2026-07-14,Шувалов,c7abadde-a833-4e01-86fe-4e84f766ac25,3615B,Можайск,ok,денга,75000.0,32.0,22.0,0.7333333333333334,False,True,,,7.0,8.0,,0.03125,0.03125,0.09375,0.06659155479910805,0.15625,0.09213934746498101,0.3125,0.1419862293152608,0.12682797485739125,0.0,0.0,0.0,0.0,0.0,0.0,0.0,0.0,0.0
2026-07-23,Шувалов,89eac0ac-ba64-4c34-9cf0-6784f2b14ec9,7431A,Кашин,ok,пуло,25000.0,31.0,18.0,0.16666666666666666,False,True,,,22.0,29.0,,0.03225806451612903,0.03225806451612903,0.0967741935483871,0.06873966947004702,0.16129032258064516,0.0951115844799804,0.3225806451612903,0.14656643026091437,0.12991113533666193,0.0,0.0,0.0,0.0,0.0,0.0,0.0,0.0,0.0
2026-08-01,Шувалов,cde4d11f-3151-477a-8b7f-aa9a2e568eb5,7170,Городен,ok,пуло,15000.0,30.0,28.0,0.15,True,True,,28.0,28.0,30.0,28.0,0.03333333333333333,0.03333333333333333,0.1,0.07103099178571526,0.16666666666666666,0.09828197062931307,0.3333333333333333,0.1514519779362782,0.13316623769734634,0.03571428571428571,0.10714285714285714,0.17857142857142858,0.35714285714285715,0.03571428571428571,0.07610463405612349,0.10530211138854972,0.16226997636029808,0.14025610853451315
2026-08-10,Шувалов,21d606fb-0a0b-4e82-bd2e-f620c356b90e,,СНВК,ok,пуло,10000.0,29.0,27.0,0.19999999999999998,True,True,,26.0,26.0,25.0,23.0,0.034482758620689655,0.034482758620689655,0.10344827586206896,0.07348033633005027,0.1724137931034483,0.10167100409928939,0.3448275862068966,0.15667445993408088,0.136608751640933,0.037037037037037035,0.1111111111111111,0.18518518518518517,0.37037037037037035,0.037037037037037035,0.07892332420635029,0.10920218958812564,0.16827997548475354,0.14412802789822526
2026-08-19,Шувалов,2d022077-5f28-40f2-84d8-e176967af719,3004,Серпухов,ok,денга,50000.0,28.0,26.0,0.19166666666666668,True,True,,25.0,25.0,9.0,9.0,0.03571428571428571,0.03571428571428571,0.10714285714285714,0.07610463405612349,0.17857142857142858,0.10530211138854972,0.35714285714285715,0.16226997636029808,0.14025610853451315,0.038461538461538464,0.11538461538461539,0.19230769230769232,0.38461538461538464,0.038461538461538464,0.08195883667582529,0.11340227380305355,0.17475228223416714,0.1482469121621171
2026-08-28,Шувалов,332987ee-ec33-421a-97a3-41bc6198687d,1575,СНВК,ok,пуло,25000.0,27.0,24.0,0.7745098039215687,True,True,,1.0,1.0,24.0,21.0,0.037037037037037035,0.037037037037037035,0.1111111111111111,0.07892332420635029,0.18518518518518517,0.10920218958812564,0.37037037037037035,0.16827997548475354,0.14412802789822526,0.041666666666666664,0.125,0.20833333333333334,0.4166666666666667,0.041666666666666664,0.08878873973214407,0.12285246328664134,0.18931497242034775,0.15733159073972944
2026-09-06,Шувалов,5184938a-5af4-4542-82f0-a7c567e65939,4030С,Тверь,ok,денга,15000.0,26.0,22.0,0.21759259259259256,True,True,,13.0,13.0,12.0,12.0,0.038461538461538464,0.038461538461538464,0.11538461538461539,0.08195883667582529,0.19230769230769232,0.11340227380305355,0.38461538461538464,0.17475228223416714,0.1482469121621171,0.045454545454545456,0.13636363636363635,0.22727272727272727,0.45454545454545453,0.045454545454545456,0.09686044334415717,0.13402086903997237,0.20652542445856117,0.16776423864623977
2026-09-15,Шувалов,4f7a5bdd-e9e6-4c19-ac4d-2285476e24ff,4031С,Тверь,ok,денга,20000.0,25.0,21.0,0.6296296296296297,True,True,,5.0,5.0,11.0,11.0,0.04,0.04,0.12,0.08523719014285831,0.2,0.11793836475517569,0.4,0.18174237352353384,0.15263832711014028,0.047619047619047616,0.14285714285714285,0.23809523809523808,0.47619047619047616,0.047619047619047616,0.10147284540816466,0.14040281518473297,0.21635996848039743,0.17358850975060616
2026-09-16,Шувалов,bea03ac8-6dd7-4bdd-85ff-c5edc6ee6eea,7071,Тверь,ok,денга,22000.0,24.0,20.0,0.9916666666666667,True,False,мотив «воин влево» уже встречался в ваших покупках,,5.0,13.0,,0.041666666666666664,0.041666666666666664,0.125,0.08878873973214407,0.20833333333333334,0.12285246328664134,0.4166666666666667,0.18931497242034775,0.15733159073972944,0.0,0.0,0.0,0.0,0.0,0.0,0.0,0.0,0.0
2026-09-17,Шувалов,617939e7-ad32-47fe-8da1-49d0b4148a2b,7004В,Тверь,ok,денга,30000.0,23.0,18.0,0.675,True,True,,3.0,3.0,15.0,11.0,0.043478260869565216,0.043478260869565216,0.13043478260869565,0.09264911972049816,0.21739130434782608,0.12819387473388663,0.43478260869565216,0.19754605817775417,0.16236050048203654,0.05555555555555555,0.16666666666666666,0.2777777777777778,0.5555555555555556,0.05555555555555555,0.11838498630952543,0.16380328438218847,0.25241996322713034,0.1941726710109063
2026-09-18,Шувалов,9b0db45a-5e87-4635-a5e4-e8a3aa1e6fc7,7005,Тверь,ok,денга,35000.0,22.0,16.0,0.7958333333333333,True,True,,3.0,3.0,15.0,10.0,0.045454545454545456,0.045454545454545456,0.13636363636363635,0.09686044334415717,0.22727272727272727,0.13402086903997237,0.45454545454545453,0.20652542445856117,0.16776423864623977,0.0625,0.1875,0.3125,0.625,0.0625,0.1331831095982161,0.18427869492996202,0.2839724586305216,0.2112955620768121
2026-09-19,Шувалов,c185cb30-bfb0-4005-a0d3-9d8c4f2033e2,NEW,Москва,ok,денга,70000.0,21.0,15.0,0.23333333333333334,False,True,,,20.0,7.0,,0.047619047619047616,0.047619047619047616,0.14285714285714285,0.10147284540816466,0.23809523809523808,0.14040281518473297,0.47619047619047616,0.21635996848039743,0.17358850975060616,0.0,0.0,0.0,0.0,0.0,0.0,0.0,0.0,0.0
2026-09-20,Шувалов,60273cf6-d0db-4ceb-83f2-921831cab000,,Москва,ok,денга,60000.0,20.0,17.0,0.36944444444444446,True,True,,19.0,19.0,4.0,4.0,0.05,0.05,0.15,0.10654648767857289,0.25,0.14742295594396962,0.5,0.2271779669044173,0.1798869828571841,0.058823529411764705,0.17647058823529413,0.29411764705882354,0.5882352941176471,0.058823529411764705,0.12534880903361517,0.17343877169878777,0.267268196358138,0.20232661897886814
2026-09-21,Шувалов,f437c993-65fa-41a7-8e23-d03869298397,,Серпухов,ok,денга,100000.0,19.0,16.0,0.36944444444444446,False,True,,,18.0,11.0,,0.05263157894736842,0.05263157894736842,0.15789473684210525,0.11215419755639251,0.2631578947368421,0.15518205888838907,0.5263157894736842,0.23913470200464979,0.18672313984966749,0.0,0.0,0.0,0.0,0.0,0.0,0.0,0.0,0.0
2026-09-22,Шувалов,2094c586-8844-4edb-87a5-04b9155ff68f,,Москва,ok,денга,40000.0,18.0,16.0,0.43333333333333335,True,True,,13.0,13.0,1.0,1.0,0.05555555555555555,0.05555555555555555,0.16666666666666666,0.11838498630952543,0.2777777777777778,0.16380328438218847,0.5555555555555556,0.25241996322713034,0.1941726710109063,0.0625,0.1875,0.3125,0.625,0.0625,0.1331831095982161,0.18427869492996202,0.2839724586305216,0.2112955620768121
2026-09-23,Шувалов,66919e74-c1fb-4a49-b2fe-c56468c44e02,,Москва,ok,полуденга,40000.0,17.0,15.0,0.5388888888888889,True,True,,7.0,7.0,4.0,4.0,0.058823529411764705,0.058823529411764705,0.17647058823529413,0.12534880903361517,0.29411764705882354,0.17343877169878777,0.5882352941176471,0.267268196358138,0.20232661897886814,0.06666666666666667,0.2,0.3333333333333333,0.6666666666666666,0.06666666666666667,0.14206198357143052,0.19656394125862614,0.3029039558725564,0.22121526621526624
2026-09-24,Шувалов,5d5e924d-bbf8-4132-b3f8-29cb15b580c1,1605G,Москва,ok,денга,30000.0,16.0,14.0,0.6716666666666666,True,True,,3.0,3.0,2.0,2.0,0.0625,0.0625,0.1875,0.1331831095982161,0.3125,0.18427869492996202,0.625,0.2839724586305216,0.2112955620768121,0.07142857142857142,0.21428571428571427,0.35714285714285715,0.7142857142857143,0.07142857142857142,0.15220926811224697,0.21060422277709945,0.32453995272059616,0.23225445189730906
2026-09-25,Шувалов,c6b2da22-a96b-49a3-b8cd-3cfa5797da9f,,Кашин,ok,денга,35000.0,15.0,13.0,0.3833333333333333,True,True,,9.0,9.0,12.0,11.0,0.06666666666666667,0.06666666666666667,0.2,0.14206198357143052,0.3333333333333333,0.19656394125862614,0.6666666666666666,0.3029039558725564,0.22121526621526624,0.07692307692307693,0.23076923076923078,0.38461538461538464,0.7692307692307693,0.07692307692307693,0.16391767335165058,0.2268045476061071,0.3495045644683343,0.24462567347182732
2026-09-26,Шувалов,aebef55a-c429-4d99-ae8d-42b068e7f14a,,Москва,ok,денга,50000.0,14.0,12.0,0.8333333333333333,True,True,,4.0,4.0,10.0,9.0,0.07142857142857142,0.07142857142857142,0.21428571428571427,0.15220926811224697,0.35714285714285715,0.21060422277709945,0.7142857142857143,0.32453995272059616,0.23225445189730906,0.08333333333333333,0.25,0.4166666666666667,0.8333333333333334,0.08333333333333333,0.17757747946428815,0.2457049265732827,0.3786299448406955,0.25860088985088986
2026-09-27,Шувалов,622ddfd3-cd04-4e0f-bdb0-1eadbe492b6f,,Можайск,ok,денга,65000.0,13.0,11.0,0.4766666666666667,True,True,,11.0,11.0,2.0,2.0,0.07692307692307693,0.07692307692307693,0.23076923076923078,0.16391767335165058,0.38461538461538464,0.2268045476061071,0.7692307692307693,0.3495045644683343,0.24462567347182732,0.09090909090909091,0.2727272727272727,0.45454545454545453,0.9090909090909091,0.09090909090909091,0.19372088668831433,0.26804173807994475,0.41305084891712235,0.2745343040797586
2026-09-28,Шувалов,33bb3f03-3b92-4e30-8154-a83365bd1b32,,Тверь,ok,денга,36000.0,12.0,10.0,0.524074074074074,True,True,,5.0,5.0,3.0,3.0,0.08333333333333333,0.08333333333333333,0.25,0.17757747946428815,0.4166666666666667,0.2457049265732827,0.8333333333333334,0.3786299448406955,0.25860088985088986,0.1,0.3,0.5,1.0,0.1,0.21309297535714578,0.29484591188793924,0.4543559338088346,0.2928968253968254
2026-09-29,Шувалов,6e4ced04-c387-4d7a-8d1c-d0bb9668d8b9,,Серпухов,ok,денга,25000.0,11.0,9.0,0.36296296296296293,True,True,,9.0,9.0,4.0,4.0,0.09090909090909091,0.09090909090909091,0.2727272727272727,0.19372088668831433,0.45454545454545453,0.26804173807994475,0.9090909090909091,0.41305084891712235,0.2745343040797586,0.1111111111111111,0.3333333333333333,0.5555555555555556,1.0,0.1111111111111111,0.23676997261905086,0.32760656876437694,0.4727216124189398,0.31432980599647264
