ID монеты,СТАТУС,ГП2,Княжество,Князь,номинал,описание,R,вход,у кого,ДАТА ПОКУПКИ,ДАТА ПРОДАЖИ,продажа,ID клиента,кому,маржа,%,клиент_имя,цена_рекомендации,цена_источник,цена_аналогов,атрибут_источник,ядро_описания,_gp2,_kn,_knyaz
162172af-d06e-4e60-9406-eaccb3e93462,продана,3610C,Можайск,АД,денга,кентавр/строчник,5.0,10000.0,Итальянец,,2025-12-01,14000.0,a4bc418f-2729-4431-bed3-7c123d84a2fe,Alexan,4000.0,0.4,Alexan,14000.0,факт,1,факт,кентавр,3610С,можайск,ад
5192434d-e1a5-44ef-acc0-fc91ebfaf728,продана,NEW,Можайск,АД,денга,Всадник с драконом/строчник,1.0,15000.0,клуб,,2025-12-10,120000.0,a4bc418f-2729-4431-bed3-7c123d84a2fe,Alexan,105000.0,7.0,Alexan,120000.0,факт,1,факт,всадник с драконом,,можайск,ад
3c4c1026-96a9-470a-ad5e-69101f621c12,продана,1111,Москва,ДД,денга,Воин влево/подражание,4.0,30000.0,Петрунин,,2025-12-19,40000.0,a4bc418f-2729-4431-bed3-7c123d84a2fe,Alexan,10000.0,0.33,Alexan,40000.0,факт,1,факт,воин влево,1111,москва,дд
11cd3f1d-8301-42fc-97a0-3ddb5efc703c,продана,4745,Ростов,Фёдор,денга,Танцоры/князь с мечом,3.0,45000.0,Петрунин,,2025-12-28,95000.0,a4bc418f-2729-4431-bed3-7c123d84a2fe,Alexan,50000.0,1.11,Alexan,95000.0,факт,1,факт,танцоры,4745,ростов,фёдор
e4c74b50-0924-48cc-8d00-eba6dc6b07be,продана,,Серпухов,СВ,денга,Двуименка Самсон/строчник,,8000.0,Петрунин,,2026-01-06,14000.0,a4bc418f-2729-4431-bed3-7c123d84a2fe,Alexan,6000.0,0.75,Alexan,14000.0,факт,1,факт,двуименка самсон,,серпухов,св
b818e413-09e4-4b47-a061-6f93c0c72946,продана,,Серпухов,СВ,денга,Двуименка Самсон/строчник,,8000.0,Петрунин,,2026-01-15,15000.0,a4bc418f-2729-4431-bed3-7c123d84a2fe,Alexan,7000.0,0.88,Alexan,15000.0,факт,1,факт,двуименка самсон,,серпухов,св
38a9ad10-6eeb-48e1-a92f-27329f35971c,продана,1135А,Москва,ВД,денга,Янус,4.0,20000.0,Гогер,,2026-01-24,39000.0,a4bc418f-2729-4431-bed3-7c123d84a2fe,Alexan,19000.0,0.95,Alexan,39000.0,факт,1,факт,янус,1135А,москва,вд
78672c3c-6af1-43cd-ba58-dfc4c7cf1316,продана,1580,Москва,ВД,денга,собачки,2.0,20000.0,Петрунин,,2026-02-02,45000.0,a4bc418f-2729-4431-bed3-7c123d84a2fe,Alexan,25000.0,1.25,Alexan,45000.0,факт,1,факт,собачки,1580,москва,вд
1af68d6b-27c8-4e66-8d2a-a86c1a974828,продана,NEW,Москва,ВД,полуденга,голова вправо звезда перед ней/строчник,1.0,50000.0,Петрунин,,2026-02-11,120000.0,a4bc418f-2729-4431-bed3-7c123d84a2fe,Alexan,70000.0,1.4,Alexan,120000.0,факт,1,факт,голова вправо звезда перед ней,,москва,вд
758c5bc8-37db-42e3-ab70-45ca042e3a30,продана,,Москва,ВД,денга,голова в шляпе вправо,2.0,15000.0,Гогер,,2026-02-20,45000.0,a4bc418f-2729-4431-bed3-7c123d84a2fe,Alexan,30000.0,2.0,Alexan,45000.0,факт,1,факт,голова в шляпе вправо,,москва,вд
d9c8f08b-770c-4059-be91-f3b06eecb3d5,продана,3820В,Дмитров,ПД,денга,барс/подражание,4.0,6000.0,ревью,,2026-03-01,22000.0,a4bc418f-2729-4431-bed3-7c123d84a2fe,Alexan,16000.0,2.67,Alexan,22000.0,факт,1,факт,барс,3820В,дмитров,пд
102e7cba-ad8b-490c-bda7-242fcc6382eb,продана,3854I,Дмитров,ПД,денга,морда/звезда Давида,2.0,36000.0,ревью,,2026-03-10,41000.0,a4bc418f-2729-4431-bed3-7c123d84a2fe,Alexan,5000.0,0.14,Alexan,41000.0,факт,1,факт,морда,3854I,дмитров,пд
040aee07-a684-4f3b-a528-a0bb33998b75,продана,NEW,Ростов,Фёдор,денга,лицо/зверь,1.0,50000.0,Гогер,,2026-03-19,70000.0,a4bc418f-2729-4431-bed3-7c123d84a2fe,Alexan,20000.0,0.4,Alexan,70000.0,факт,1,факт,лицо,,ростов,фёдор
5aafdc60-3d50-42db-85e3-6600e434735d,продана,3514,Можайск,АД,полуденга,воин/рисунок в рамке,3.0,15000.0,Итальянец,,2026-03-28,35000.0,28b8882a-8843-4d87-8ed9-c2f47c82cde7,Гогер,20000.0,1.33,Гогер,35000.0,факт,1,факт,воин,3514,можайск,ад
022adfbf-8787-496d-be2b-a95b81e04048,продана,3570,Можайск,АД,полуденга,воин/голова в рамке,1.0,10000.0,Итальянец,,2026-04-06,15000.0,28b8882a-8843-4d87-8ed9-c2f47c82cde7,Гогер,5000.0,0.5,Гогер,15000.0,факт,1,факт,воин,3570,можайск,ад
f37b7c54-fc47-4c2b-a9cc-cabda5f08158,продана,3634D,Можайск,АД,полуденга,барс оглядывается/надпись,1.0,15000.0,Итальянец,,2026-04-15,25000.0,28b8882a-8843-4d87-8ed9-c2f47c82cde7,Гогер,10000.0,0.67,Гогер,25000.0,факт,1,факт,барс оглядывается,3634D,можайск,ад
8ecf529e-b59d-4e3e-acb3-f774093c1bbc,продана,3635D,Можайск,АД,полуденга,барс оглядывается/надпись,1.0,10000.0,Итальянец,,2026-04-24,20000.0,28b8882a-8843-4d87-8ed9-c2f47c82cde7,Гогер,10000.0,1.0,Гогер,20000.0,факт,1,факт,барс оглядывается,3635D,можайск,ад
5e3da636-35e1-4967-85d3-e8dcce67735f,продана,3675,Можайск,АД,полуденга,голова с крестом/самсон,4.0,10000.0,Итальянец,,2026-05-03,20000.0,28b8882a-8843-4d87-8ed9-c2f47c82cde7,Гогер,10000.0,1.0,Гогер,20000.0,факт,1,факт,голова с крестом,3675,можайск,ад
77abb319-2750-4e8b-aee8-ad6102fcb4b3,продана,,СНВК,,денга,владимирский надчекан на ВД,,28000.0,Лейбов,,2026-05-12,30000.0,28b8882a-8843-4d87-8ed9-c2f47c82cde7,Гогер,2000.0,0.07,Гогер,30000.0,факт,1,факт,владимирский надчекан на вд,,снвк,
6d94c76e-6e49-4efb-845f-328337d6d90d,продана,,Тверь,МБ,денга,охота/строчник,,45000.0,клуб,,2026-05-21,52000.0,d2209f0c-56c0-4bbc-a6f7-ed4bf639eec5,Городен,7000.0,0.16,Городен,52000.0,факт,1,факт,охота,,тверь,мб
c8074122-f9f4-4812-8d5d-1d0b0aeed3f5,продана,,Тверь,МБ,денга,голова в короне,2.0,50000.0,ревью,,2026-05-30,80000.0,d2209f0c-56c0-4bbc-a6f7-ed4bf639eec5,Городен,30000.0,0.6,Городен,80000.0,факт,1,факт,голова в короне,,тверь,мб
86b52ed7-7dae-48c0-9d46-2be8d30ef983,продана,NEW,Можайск,АД,денга,Всадник с драконом/строчник,1.0,15000.0,Гогер,,2026-06-08,35000.0,d2209f0c-56c0-4bbc-a6f7-ed4bf639eec5,Городен,20000.0,1.33,Городен,35000.0,факт,1,факт,всадник с драконом,,можайск,ад
50379b63-e4ef-4d58-baaa-b3264b461ee4,продана,,Москва,ВД,денга,оставите безумье и живы бу,,8000.0,ревью,,2026-06-17,12000.0,c71269f7-e745-45ec-8fc9-186b8271d70a,Лейбов,4000.0,0.5,Лейбов,12000.0,факт,1,факт,оставите безумье и живы бу,,москва,вд
93a0a0ce-593f-498d-b132-1ec0b83789f9,продана,,Москва,ВД,денга,сокольник/самсон,,12000.0,Гогер,,2026-06-26,13000.0,c71269f7-e745-45ec-8fc9-186b8271d70a,Лейбов,1000.0,0.08,Лейбов,13000.0,факт,1,факт,сокольник,,москва,вд
f56a703d-13d4-49fb-9de2-b22d0167813b,продана,3510B,Можайск,АД,денга,Воин влево/лошадь влево в рамке,1.0,30000.0,Итальянец,,2026-07-05,45000.0,c12aca37-9c5e-4167-bd84-a68f382d657a,Шувалов,15000.0,0.5,Шувалов,45000.0,факт,1,факт,воин влево,3510В,можайск,ад
c7abadde-a833-4e01-86fe-4e84f766ac25,продана,3615B,Можайск,АД,денга,Голова с саблей/строчник,2.0,40000.0,Гогер,,2026-07-14,75000.0,c12aca37-9c5e-4167-bd84-a68f382d657a,Шувалов,35000.0,0.88,Шувалов,75000.0,факт,1,факт,голова с саблей,3615В,можайск,ад
89eac0ac-ba64-4c34-9cf0-6784f2b14ec9,продана,7431A,Кашин,,пуло,птичка/строчник,,12000.0,клуб,,2026-07-23,25000.0,c12aca37-9c5e-4167-bd84-a68f382d657a,Шувалов,13000.0,1.08,Шувалов,25000.0,факт,1,факт,птичка,7431А,кашин,
cde4d11f-3151-477a-8b7f-aa9a2e568eb5,продана,7170,Городен,,пуло,Д,,8000.0,клуб,,2026-08-01,15000.0,c12aca37-9c5e-4167-bd84-a68f382d657a,Шувалов,7000.0,0.88,Шувалов,15000.0,факт,1,факт,д,7170,городен,
21d606fb-0a0b-4e82-bd2e-f620c356b90e,продана,,СНВК,,пуло,звезда,,300.0,ревью,,2026-08-10,10000.0,c12aca37-9c5e-4167-bd84-a68f382d657a,Шувалов,9700.0,32.33,Шувалов,10000.0,факт,1,факт,звезда,,снвк,
2d022077-5f28-40f2-84d8-e176967af719,продана,3004,Серпухов,Храбрый,денга,бородач с топором,1.0,39000.0,Петрунин,,2026-08-19,50000.0,c12aca37-9c5e-4167-bd84-a68f382d657a,Шувалов,11000.0,0.28,Шувалов,50000.0,факт,1,факт,бородач с топором,3004,серпухов,храбрый
332987ee-ec33-421a-97a3-41bc6198687d,продана,1575,СНВК,,пуло,барс влево/животное вправо,2.0,12000.0,Гогер,,2026-08-28,25000.0,c12aca37-9c5e-4167-bd84-a68f382d657a,Шувалов,13000.0,1.08,Шувалов,25000.0,факт,1,факт,барс влево,1575,снвк,
5184938a-5af4-4542-82f0-a7c567e65939,продана,4030С,Тверь,БА,денга,перечекан барс на ВД,,8000.0,Петрунин,,2026-09-06,15000.0,c12aca37-9c5e-4167-bd84-a68f382d657a,Шувалов,7000.0,0.88,Шувалов,15000.0,факт,1,факт,перечекан барс на вд,4030С,тверь,ба
4f7a5bdd-e9e6-4c19-ac4d-2285476e24ff,продана,4031С,Тверь,БА,денга,барс/подражание,,12000.0,Петрунин,,2026-09-15,20000.0,c12aca37-9c5e-4167-bd84-a68f382d657a,Шувалов,8000.0,0.67,Шувалов,20000.0,факт,1,факт,барс,4031С,тверь,ба
bea03ac8-6dd7-4bdd-85ff-c5edc6ee6eea,продана,7071,Тверь,БА,денга,воин влево/лучник стреляет в птицу,1.0,12000.0,клуб,,2026-09-16,22000.0,c12aca37-9c5e-4167-bd84-a68f382d657a,Шувалов,10000.0,0.83,Шувалов,22000.0,факт,1,факт,воин влево,7071,тверь,ба
617939e7-ad32-47fe-8da1-49d0b4148a2b,продана,7004В,Тверь,ИМ,денга,голова в короне/воин,4.0,20000.0,Петрунин,,2026-09-17,30000.0,c12aca37-9c5e-4167-bd84-a68f382d657a,Шувалов,10000.0,0.5,Шувалов,30000.0,факт,1,факт,голова в короне,7004В,тверь,им
9b0db45a-5e87-4635-a5e4-e8a3aa1e6fc7,продана,7005,Тверь,ИМ,денга,зверь вправо/воин с копьём,4.0,20000.0,Петрунин,,2026-09-18,35000.0,c12aca37-9c5e-4167-bd84-a68f382d657a,Шувалов,15000.0,0.75,Шувалов,35000.0,факт,1,факт,зверь вправо,7005,тверь,им
c185cb30-bfb0-4005-a0d3-9d8c4f2033e2,продана,NEW,Москва,ВД,денга,щука,1.0,20000.0,Гогер,,2026-09-19,70000.0,c12aca37-9c5e-4167-bd84-a68f382d657a,Шувалов,50000.0,2.5,Шувалов,70000.0,факт,1,факт,щука,,москва,вд
60273cf6-d0db-4ceb-83f2-921831cab000,продана,,Москва,ВД,денга,художественный петух/подражание,,35000.0,ревью,,2026-09-20,60000.0,c12aca37-9c5e-4167-bd84-a68f382d657a,Шувалов,25000.0,0.71,Шувалов,60000.0,факт,1,факт,художественный петух,,москва,вд
f437c993-65fa-41a7-8e23-d03869298397,продана,,Серпухов,Храбрый,денга,лучник,,70000.0,клуб,,2026-09-21,100000.0,c12aca37-9c5e-4167-bd84-a68f382d657a,Шувалов,30000.0,0.43,Шувалов,100000.0,факт,1,факт,лучник,,серпухов,храбрый
2094c586-8844-4edb-87a5-04b9155ff68f,продана,,Москва,ВД,денга,оставите безумье и живы бу,,34000.0,ревью,,2026-09-22,40000.0,c12aca37-9c5e-4167-bd84-a68f382d657a,Шувалов,6000.0,0.18,Шувалов,40000.0,факт,1,факт,оставите безумье и живы бу,,москва,вд
66919e74-c1fb-4a49-b2fe-c56468c44e02,продана,,Москва,ВД,полуденга,лицо/строчник,,15000.0,Гогер,,2026-09-23,40000.0,c12aca37-9c5e-4167-bd84-a68f382d657a,Шувалов,25000.0,1.67,Шувалов,40000.0,факт,1,факт,лицо,,москва,вд
5d5e924d-bbf8-4132-b3f8-29cb15b580c1,продана,1605G,Москва,ВД,денга,химера/великого князя великого,1.0,15000.0,Гогер,,2026-09-24,30000.0,c12aca37-9c5e-4167-bd84-a68f382d657a,Шувалов,15000.0,1.0,Шувалов,30000.0,факт,1,факт,химера,1605G,москва,вд
c6b2da22-a96b-49a3-b8cd-3cfa5797da9f,продана,,Кашин,МБ,денга,лучник стреляет в птицу на дереве/стр,,28000.0,Петрунин,,2026-09-25,35000.0,c12aca37-9c5e-4167-bd84-a68f382d657a,Шувалов,7000.0,0.25,Шувалов,35000.0,факт,1,факт,лучник стреляет в птицу на дереве,,кашин,мб
aebef55a-c429-4d99-ae8d-42b068e7f14a,продана,,Москва,ДД,денга,воин именной,,42000.0,Макс,,2026-09-26,50000.0,c12aca37-9c5e-4167-bd84-a68f382d657a,Шувалов,8000.0,0.19,Шувалов,50000.0,факт,1,факт,воин именной,,москва,дд
622ddfd3-cd04-4e0f-bdb0-1eadbe492b6f,продана,,Можайск,АД,денга,"саксофон/лошадь, перечекан из ВД",1.0,45000.0,Михайленко,,2026-09-27,65000.0,c12aca37-9c5e-4167-bd84-a68f382d657a,Шувалов,20000.0,0.44,Шувалов,65000.0,факт,1,факт,саксофон,,можайск,ад
33bb3f03-3b92-4e30-8154-a83365bd1b32,продана,,Тверь,МБ,денга,двуглавый орёл,,28000.0,клуб,,2026-09-28,36000.0,c12aca37-9c5e-4167-bd84-a68f382d657a,Шувалов,8000.0,0.29,Шувалов,36000.0,факт,1,факт,двуглавый орёл,,тверь,мб
6e4ced04-c387-4d7a-8d1c-d0bb9668d8b9,продана,,Серпухов,Храбрый,денга,знаменосец,,6000.0,ревью,,2026-09-29,25000.0,c12aca37-9c5e-4167-bd84-a68f382d657a,Шувалов,19000.0,3.17,Шувалов,25000.0,факт,1,факт,знаменосец,,серпухов,храбрый
9f301119-aba9-4b98-abb7-c932ff2bc323,доступна,1000A,Москва,ДД,денга,,4.0,,,,,,,,,,,45000.0,княжество+князь,2,по аналогам (княжество+князь),,1000А,москва,дд
f6c08882-118c-434a-8f8f-c1c0c5ded8e8,доступна,3004,Серпухов,Храбрый,денга,,1.0,,,,,,,,,,,50000.0,ГП2 3004,1,по аналогам (ГП2 3004),,3004,серпухов,храбрый
ca2321c1-421f-432f-baf9-697abf81475c,доступна,1575,СНВК,,пуло,,2.0,,,,,,,,,,,25000.0,ГП2 1575,1,по аналогам (ГП2 1575),,1575,снвк,
41503a2c-628a-4fdf-83de-573758371c78,доступна,NEW,СНВК,,пуло,,2.0,,,,,,,,,,,25000.0,княжество,3,по аналогам (княжество),,,снвк,
58458c6c-a7eb-4f54-a0f7-bb5faa835cde,доступна,,Микулин,,денга,,2.0,,,,,,,,,,,35000.0,весь каталог,47,по аналогам (весь каталог),,,микулин,
fb5ea393-5e3f-44df-a801-a73814a4318f,доступна,1111,Москва,ДД,денга,,4.0,,,,,,,,,,,40000.0,ГП2 1111,1,по аналогам (ГП2 1111),,1111,москва,дд
ee75e4bb-b407-49e7-9894-3d1616adca5b,доступна,1300,Москва,ВД,денга,,1.5,,,,,,,,,,,40000.0,княжество+князь,11,по аналогам (княжество+князь),,1300,москва,вд
3f02a85f-a67a-43bb-b8dd-a91945785e52,доступна,7100A,Тверь,БА,денга,,1.0,,,,,,,,,,,20000.0,княжество+князь,3,по аналогам (княжество+князь),,7100А,тверь,ба
7e44b6a7-3807-492c-9e26-25b3c0d41837,доступна,7262А,Тверь,МБ,денга,,2.0,,,,,,,,,,,52000.0,княжество+князь,3,по аналогам (княжество+князь),,7262А,тверь,мб
4a5c2759-3397-4ce5-84c1-2f89f1503649,доступна,3635D,Можайск,АД,полуденга,,1.0,,,,,,,,,,,20000.0,ГП2 3635D,1,по аналогам (ГП2 3635D),,3635D,можайск,ад
