код,уровень,проверка,охвата_строк,значение,комментарий
STR-01,OK,Фиксированный набор столбцов таблицы сделок,57,26 колонок — по спецификации,
STR-02,OK,Фиксированный набор столбцов справочника клиентов,5,2 колонок — по спецификации,
ID-01,OK,ID монеты в формате UUID,57,0/57 (0%),
ID-02,OK,Уникальность ID монеты,57,0/57 (0%),
ID-03,OK,ID клиента — UUID и присутствует в справочнике,57,0/57 (0%),
ID-04,OK,Справочник клиентов актуален (все клиенты имеют сделки),5,без сделок: 0,
ST-01,OK,Значения СТАТУС из справочника (продана/доступна/резерв),57,0/57 (0%),
ST-02,OK,Обновляемость: статус ↔ реквизиты сделки,57,«продана» без сделки: 0; «доступна» с реквизитами: 0,
REQ-01,OK,Обязательное поле заполнено: ID монеты,57,0/57 (0%),
REQ-02,OK,Обязательное поле заполнено: СТАТУС,57,0/57 (0%),
REQ-03,OK,Обязательное поле заполнено: Княжество,57,0/57 (0%),
REQS-01,FAIL,Обязательное поле в сделке: ДАТА ПОКУПКИ,47,47/47 (100%),У 47 проданных монет не заполнено «ДАТА ПОКУПКИ» — расчёт KPI по этому полю невозможен.
REQS-02,OK,Обязательное поле в сделке: ДАТА ПРОДАЖИ,47,0/47 (0%),
REQS-03,OK,Обязательное поле в сделке: продажа,47,0/47 (0%),
REQS-04,OK,Обязательное поле в сделке: вход,47,0/47 (0%),
REQS-05,OK,Обязательное поле в сделке: маржа,47,0/47 (0%),
REQS-06,OK,Обязательное поле в сделке: %,47,0/47 (0%),
REQS-07,OK,Обязательное поле в сделке: ID клиента,47,0/47 (0%),
REQA-01,WARN,Атрибуты доступных монет (кандидатов),10,пустых ячеек: 14 из 60,"Не заполнено: ГП2: 1, Князь: 3, описание: 10. Цена и мотив восстанавливаются по аналогам (см. колонки цена_источник / атрибут_источник)."
FMT-01,WARN,Дата закупки ≤ даты продажи (формат д.м.г),0,0/0 пар дат,"Ни одна дата закупки не заполнена — проверить согласованность дат и рассчитать KPI «закупка → продажа» (п. 1 ТЗ, показатель Y) невозможно. Требование нарушено, см. проверку REQS-ДАТА ПОКУПКИ."
FMT-02,OK,Дата продажи не в будущем,57,0/57 (0%),
FMT-03,OK,Цены положительные,57,0/57 (0%),
CALC-01,OK,Проверка расчёта: маржа = продажа − вход,47,0/47 (0%),
CALC-02,OK,Проверка расчёта: % = маржа / вход,47,0/47 (0%),
DICT-01,OK,Редкость R в диапазоне 1–7,57,0/57 (0%),
DICT-02,OK,Номинал из справочника (денга/полуденга/пуло),57,0/57 (0%),
DICT-03,WARN,Дубли номеров ГП2 (разные ID монет),57,8/57 (14%),"Проверьте, не одна ли это монета под двумя ID."
ACT-01,OK,Актуальность: последняя дата продажи,57,29.09.2026,
ACT-02,OK,Каталог доступных монет непуст,10,"10 доступно, 47 продано, 57 всего",
ACT-03,OK,У всех кандидатов есть цена (факт или оценка),10,0/10 (0%),
