BUDGET_IQR_K,мин. полуширина коридора,покрытие,HR@3,HR@5,HR@10,MRR,выбрано
0.5,0.3,0.619,0.1667,0.2381,0.381,0.1638,False
0.5,0.5,0.6667,0.1667,0.2381,0.381,0.1544,False
0.5,0.7,0.7619,0.1667,0.2619,0.4524,0.1656,False
1.0,0.3,0.7143,0.1667,0.2619,0.3571,0.1567,False
1.0,0.5,0.7381,0.1667,0.2619,0.3571,0.1585,True
1.0,0.7,0.8095,0.1667,0.2857,0.4286,0.1689,False
1.5,0.3,0.7381,0.1667,0.2619,0.3571,0.1609,False
1.5,0.5,0.7619,0.1667,0.2619,0.3571,0.1626,False
1.5,0.7,0.8333,0.1667,0.2857,0.4286,0.173,False
